{
  "sections": [
    {
      "id": "rollers",
      "title": "Rollers",
      "products": [
        {
          "id": "roller-mddk",
          "name": "Roller MDDK",
          "type": "Roller",
          "price": 9.0,
          "image": "/assets/roller1.png"
        },
        {
          "id": "roller-mddl",
          "name": "Roller MDDL",
          "type": "Roller",
          "price": 9.5,
          "image": "/assets/roller2.png"
        },
        {
          "id": "roller-mddp",
          "name": "Roller MDDP",
          "type": "Roller",
          "price": 9.8,
          "image": "/assets/roller3.png"
        }
      ]
    },
    {
      "id": "optical-sorters",
      "title": "Optical Sorters",
      "products": [
        {
          "id": "sortex-f",
          "name": "SORTEX F Optical Sorter",
          "type": "Optical Sorter",
          "price": 1.2,
          "image": "/assets/sortex1.png"
        },
        {
          "id": "sortex-a",
          "name": "SORTEX A MultiVision",
          "type": "Optical Sorter",
          "price": 1.35,
          "image": "/assets/sortex2.png"
        }
      ]
    }
  ]
}